date,pick_source_file,llm_class,llm_status,llm_n,llm_codes,llm_eq_sum,mh_status,mh_n,mh_codes,mh_eq_sum,mh_shadow_missing,offline_mh_codes,offline_mh_eq_sum,mh_matches_offline,llm_matches_picks_file,in_intersection,flags
2026-09-01,asof_strategies_unique_first5,NOT_llm(asof_strategies_unique_first5),settled,5,"000550,000665,000917,002099,002103",-8.5538,settled,5,"002292,002312,002534,002803,002945",-0.1398,False,"002292,002312,002534,002803,002945",-0.1398,True,True,False,
2026-09-02,llm_rerank,llm_rerank,settled,5,"600722,603269,002639,600589,002536",10.6532,settled,5,"000519,002639,002785,300673,600589",1.7032,False,"000519,002639,002785,300673,600589",1.7032,True,True,True,
2026-09-03,llm_rerank,llm_rerank,settled,5,"001299,002300,000993,002553,300200",-19.248,settled,5,"001299,002300,300830,301008,603138",-21.1391,False,"001299,002300,300830,301008,603138",-21.1391,True,True,True,
2026-09-04,llm_rerank,llm_rerank,settled,5,"605577,688170,603162,300468,002403",13.132,settled,5,"001222,002403,002571,002868,605088",14.6883,False,"001222,002403,002571,002868,605088",14.6883,True,True,True,
2026-09-07,llm_rerank,llm_rerank,settled,5,"603991,688785,603355,603228,603458",4.1208,settled,5,"000813,300315,300488,300739,300828",-9.0784,False,"000813,300315,300488,300739,300828",-9.0784,True,True,True,
2026-09-08,llm_rerank,llm_rerank,settled,5,"688001,603331,600871,603527,603075",7.5277,settled,5,"000953,000980,002436,301206,688001",20.7787,False,"000953,000980,002436,301206,688001",20.7787,True,True,True,
2026-09-09,llm_rerank,llm_rerank,settled,5,"000915,002121,300315,600023,600011",-12.6194,settled,5,"000833,002077,002121,300774,300913",-17.9647,False,"000833,002077,002121,300774,300913",-17.9647,True,True,True,
2026-09-10,llm_rerank,llm_rerank,settled,5,"300913,603328,301206,002121,688700",8.2388,settled,5,"002174,002531,301176,600101,601061",-2.1815,False,"002174,002531,301176,600101,601061",-2.1815,True,True,True,
2026-09-11,rule_order,NOT_llm(rule_order),settled,5,"000722,000778,000862,002053,002204",-2.3926,settled,5,"002242,002508,003013,300121,300183",-2.139,False,"002242,002508,003013,300121,300183",-2.139,True,True,False,
2026-09-14,llm_rerank,llm_rerank,settled,5,"301176,300739,603693,605011,688143",-2.4291,settled,5,"002232,301021,301220,300903,002815",-6.1104,False,"002232,301021,301220,300903,002815",-6.1104,True,True,True,
2026-09-15,llm_rerank,llm_rerank,settled,5,"603920,301087,603291,688563,603322",0.1664,settled,5,"002522,002585,300537,603186,002815",2.5141,False,"002522,002585,300537,603186,002815",2.5141,True,True,True,
2026-09-16,llm_rerank,llm_rerank,settled,5,"300497,002669,300037,300151,600982",-0.5002,settled,5,"001212,001378,002584,002806,003026",5.0825,False,"001212,001378,002584,002806,003026",5.0825,True,True,True,
2026-09-17,llm_rerank,llm_rerank,settled,5,"301072,688345,300931,300907,301115",22.4334,pending,0,,,True,,,,True,False,multi_hit_empty|multi_hit_not_settled
2026-09-18,llm_rerank,llm_rerank,pending,5,"300804,688660,301148,601118,688185",,pending,5,"688660,603400,300804,301148,301292",,False,,,,True,False,llm_not_settled|multi_hit_not_settled
